[
  {
    "question": "生成式 AI 在醫療領域的應用包括？",
    "options": [
      "創造虛擬病人數據來訓練 AI 模型",
      "開發智慧手術機器人",
      "AI 自動完成所有醫療決策",
      "AI 可取代所有醫生"
    ],
    "answer": 0
  },
  {
    "question": "在企業應用中，使用 BYOG（Bring Your Own Generative）的主要優勢是？",
    "options": [
      "讓企業完全依賴開放式 AI 平台",
      "允許企業微調並控制自己的 AI 模型，提高安全性",
      "使企業無法使用自己的數據來訓練 AI",
      "限制 AI 的靈活性，無法客製化"
    ],
    "answer": 1
  },
  {
    "question": "下列何者屬於能跨段保留語意記憶的檢索輔助方法？",
    "options": [
      "Positional Encoding",
      "Chain-of-Thought",
      "RAG（Retrieval-Augmented Generation）",
      "Layer Normalization"
    ],
    "answer": 2
  },
  {
    "question": "人工智慧中的Transformer架構最早用於何種任務？",
    "options": [
      "影像識別",
      "語音辨識",
      "強化學習",
      "語言生成與理解"
    ],
    "answer": 3
  },
  {
    "question": "以下哪一項非提升標註語意準確性的策略？",
    "options": [
      "明確定義標註準則",
      "提供範例與對照集",
      "自動詞彙擴展與合併",
      "多次審閱與標註校驗"
    ],
    "answer": 2
  },
  {
    "question": "AI 主要的應用領域不包括？",
    "options": [
      "醫療診斷與健康照護",
      "自然語言處理與機器翻譯",
      "AI 取代所有人類決策",
      "圖像識別與計算機視覺"
    ],
    "answer": 2
  },
  {
    "question": "AI 可以依據其學習方式分為哪三種類型？",
    "options": [
      "監督式學習、非監督式學習、強化學習",
      "弱 AI、強 AI、超級 AI",
      "圖像 AI、語言 AI、語音 AI",
      "自然語言 AI、電腦視覺 AI、數據分析 AI"
    ],
    "answer": 0
  },
  {
    "question": "AI 的發展可以歸類為以下哪三個層級？",
    "options": [
      "計算機科學、數據科學、社會科學",
      "狹義 AI（ANI）、通用 AI（AGI）、超級 AI（ASI）",
      "強化學習、深度學習、自然語言處理",
      "知識圖譜、專家系統、監督學習"
    ],
    "answer": 1
  },
  {
    "question": "目前 AI 發展的最大技術瓶頸之一是？",
    "options": [
      "計算資源需求高",
      "AI 可完全自主決策，不需人類監督",
      "AI 無法學習新知識",
      "AI 只能使用小型數據集進行訓練"
    ],
    "answer": 0
  },
  {
    "question": "AI 在處理個人數據時，應遵循哪些國際標準？",
    "options": [
      "GDPR（歐盟通用數據保護規範）與 CCPA（加州消費者隱私法）",
      "讓 AI 自由存取所有數據，不受限制",
      "AI 只適用於企業內部數據，不涉及隱私問題",
      "AI 生成的數據不需要合規性管理"
    ],
    "answer": 0
  }
]